Date,Close_AAPL,High_AAPL,Low_AAPL,Open_AAPL,Volume_AAPL,annual_mu_AAPL,annual_sigma_AAPL,Local_return_mean_AAPL,Local_return_variance_AAPL,date_index,USA_CPI,log_Close_GC=F,Unemployement_Rate
2015-12-01,26.51222419738769,26.844361602791125,26.403772222447635,26.830805536876884,139409600,0.0801451107761828,0.2660424671334572,-0.0010411598991539,0.0002158449700851,0,0.6329767,6.9696027282079385,5.0
2015-12-02,26.272720336914062,26.68619751981803,26.22753230849504,26.512219990397924,133546400,0.0758373801799155,0.266143189353297,-0.002070278192896,0.0002089273097318,1,0.6329767,6.9605374181034,5.0
2015-12-03,26.028709411621094,26.38796073387924,25.80728558616557,26.33373473716959,166278000,0.0553842778916594,0.2660675372079163,-0.0023025726304651,0.0002112231355633,2,0.6329767,6.967626630029016,5.0
2015-12-04,26.89407157897949,26.94377945630228,26.008372911196087,26.04904283593171,231108000,0.0498711246862517,0.2662064652608256,-0.0025504899310169,0.0002136041362256,3,0.6329767,6.988874330266929,5.0
2015-12-07,26.72461700439453,27.08160841661096,26.61842320371377,26.882778607638805,128336800,0.0875009895778091,0.268171826765759,-0.0008900388246724,0.0002789858042972,4,0.6329767,6.981377441533968,5.0
2015-12-08,26.71331787109375,26.79691591639147,26.403774457285067,26.55289636640272,137238000,0.1038669662495066,0.2672477115749304,-0.0010092402974816,0.0002800524616621,5,0.6329767,6.981284557636902,5.0
2015-12-09,26.12360572814941,26.59130901997083,26.00159594891601,26.580011147818134,185445600,0.0880825320669972,0.2668268412359135,0.0006539840231915,0.0002237113052833,6,0.6329767,6.982491602440194,5.0
2015-12-10,26.24787330627441,26.42185088144362,26.09875139422833,26.218501252459657,116850800,0.0850117108680337,0.2670741523948374,-0.0002225740830613,0.0002500094821736,7,0.6329767,6.978306912182115,5.0
2015-12-11,25.57229804992676,26.07163322509741,25.497736244325083,26.026445192267104,187544800,0.0927454454126237,0.2670940704137264,0.0002042759684225,0.0002506400038939,8,0.6329767,6.981841845005522,5.0
2015-12-14,25.414140701293945,25.4593287385518,24.80635177444103,25.34635692159404,257274800,0.083909259264597,0.2678328150649504,0.0003920820895369,0.0002394760712381,9,0.6329767,6.970448302459636,5.0
2015-12-15,24.96451568603516,25.486446737400176,24.932883710051023,25.292135042747123,213292400,0.0914219797413406,0.2675427256949818,-0.0007895108643397,0.0002264550941789,10,0.6329767,6.9687563235088295,5.0
2015-12-16,25.15656471252441,25.303428427153868,24.582669368769743,25.095560686596016,224954000,0.0873902002690705,0.2677889908372867,-0.001502659644708,0.000241404011269,11,0.6329767,6.982862751468942,5.0
2015-12-17,24.623334884643555,25.362169716114146,24.623334884643555,25.31020192837405,179091200,0.0701007975272086,0.2667683515203033,-0.0027400511330653,0.000185135655598,12,0.6329767,6.957307104278956,5.0
2015-12-18,23.956802368164062,24.74534513955157,23.907094494677143,24.60752111371929,385813200,0.0190954981573002,0.2660324008010454,-0.0045320486007522,0.0001880270574881,13,0.6329767,6.9718561585922565,5.0
2015-12-21,24.250532150268555,24.25957010304492,23.852870847174746,24.239234278344792,190362400,-0.0003251671966067,0.2673343039765012,-0.0062062693134031,0.0002098276536904,14,0.6329767,6.986474056259442,5.0
2015-12-22,24.22793769836425,24.33864960122808,24.051700208086512,24.266347704119205,131157600,0.0015659991121931,0.2674143053193863,-0.0048766089974124,0.0002241322113642,15,0.6329767,6.979889922171298,5.0
2015-12-23,24.53973960876465,24.59396560131108,24.221158239451302,24.236974225769565,130629600,0.0041867813910791,0.2673935022638654,-0.0054283517996895,0.0002131110893981,16,0.6329767,6.974853045344314,5.0
2015-12-24,24.40868759155273,24.62785316618111,24.3906116892753,24.62785316618111,54281600,0.021837149733642,0.2676655378786292,-0.0043776425997639,0.0002302101837472,17,0.6329767,6.982120315608697,5.0
2015-12-28,24.135297775268555,24.33186934813925,23.99069399424173,24.30927360675572,106816800,-0.0012740220450312,0.2671321399124934,-0.0045612765612987,0.0002298770684522,18,0.6329767,6.975881108029737,5.0
2015-12-29,24.5691146850586,24.725016372100367,24.144341197526543,24.16693522021624,123724800,-0.0118159149859184,0.2673637957014099,-0.0053725674341691,0.0002274613133248,19,0.6329767,6.982398821977903,5.0
2015-12-30,24.248273849487305,24.5600754839224,24.21664187456549,24.53296334759704,100855200,0.0184845677358595,0.2676922885914873,-0.0040060928193756,0.0002549318242329,20,0.6329767,6.96611849924909,5.0
2015-12-31,23.782827377319336,24.182746850682086,23.683411626823528,24.178228736483696,163649200,0.0244674897075739,0.2673244420813165,-0.0042203009439792,0.000258095782374,21,0.6329767,6.966307211982987,5.0
2016-01-04,23.803165435791016,23.80768527455425,23.04625448140937,23.184080258860124,270597600,0.01474749282258,0.2678575165772978,-0.0047492818682315,0.0002691197032668,22,1.343778,6.980168936782539,4.8
2016-01-05,23.206676483154297,23.916139540718373,23.13889440959507,23.89354551619863,223164000,0.0438852769803438,0.2663207653710852,-0.0064256474517396,0.0001899604423248,23,1.343778,6.983233762797195,4.8
2016-01-06,22.752525329589844,23.129852542884784,22.56499340636256,22.72089335584966,273829600,0.0186350213184124,0.2675351850085521,-0.0074286899528546,0.0002088541073986,24,1.343778,6.995674599379268,4.8
2016-01-07,21.79226493835449,22.623737661641886,21.78774682371096,22.296120049866783,324377600,-0.0150933464159611,0.2678883689650047,-0.008446636578089,0.000213486741521,25,1.343778,7.010041028442246,4.8
2016-01-08,21.9074935913086,22.39327272800661,21.86230555600261,22.26674485009943,283192000,-0.0960475948896526,0.2686009090433375,-0.0095412764270061,0.0002683199739678,26,1.343778,7.001063500593949,4.8
2016-01-11,22.2622299194336,22.38197979082205,21.99335639580132,22.361645687596138,198957600,-0.0918135522941689,0.2686590667682637,-0.0095134851283187,0.0002691728689145,27,1.343778,6.999878567857943,4.8
2016-01-12,22.585325241088867,22.75026485087717,22.33226775275204,22.718632880311706,196616800,-0.0508042295991616,0.2680401757791281,-0.0072956916449756,0.000285083812193,28,1.343778,6.989888086031655,4.8
2016-01-13,22.0046501159668,22.863236604493096,21.98431601657864,22.6666650246754,249758400,-0.0451454579070385,0.2682904980860423,-0.0062108089408932,0.0003099467479829,29,1.343778,6.991636762962839,4.8
2016-01-14,22.485912322998047,22.702819753922995,21.63184556255437,22.133440764418324,252680400,-0.0671364929122831,0.2695042452800188,-0.0066421917955557,0.0003240825273366,30,1.343778,6.979052183598189,4.8
2016-01-15,21.94590377807617,22.07695149490277,21.545984318437903,21.7357761368932,319335600,-0.0179201822573882,0.2690207852067783,-0.0059068363533656,0.000356565040122,31,1.343778,6.995308175989998,4.8
2016-01-19,21.839712142944336,22.289339484794287,21.57761670423745,22.235113496163347,212350800,-0.0342310863322586,0.2699967423502229,-0.0060586347263632,0.0003619756349294,32,1.343778,6.993841250295543,4.8
2016-01-20,21.86908721923828,22.18540869032942,21.10765645886051,21.48724187940721,289337600,-0.0649578060441253,0.2687921876155889,-0.0048695966700536,0.0003351610634985,33,1.343778,7.009499240813156,4.8
2016-01-21,21.75836944580078,22.11535902495445,21.451086010818543,21.93008534125748,208646000,-0.0712749106676145,0.2686773812408944,-0.005440234964545,0.0003208011398409,34,1.343778,7.002246919862079,4.8
2016-01-22,22.91520881652832,22.92424677106106,22.226081590589256,22.28482570933171,263202000,-0.102490207755163,0.2674292659569637,-0.0056583122115663,0.0003196292769875,35,1.343778,7.000516714560964,4.8
2016-01-25,22.46783828735352,22.94005971321839,22.41587048664698,22.93779979393202,207178000,-0.0542883441818492,0.2724693001746383,-0.0036048946189691,0.0004797053034272,36,1.343778,7.008685953420164,4.8
2016-01-26,22.592103958129883,22.793193658731777,22.15829258540308,22.57854789142378,300308000,-0.0749619943718335,0.2731543224815622,-0.0043607495044096,0.0004933524891788,37,1.343778,7.02260062712071,4.8
2016-01-27,21.10765647888184,21.832935426651044,21.08958057221644,21.69962949357372,533478800,-0.0342512501018026,0.2709126582709358,-0.0034776286364284,0.0004953009877652,38,1.343778,7.017595722787229,4.8
2016-01-28,21.259033203125,21.35618902330654,20.874929759884267,21.191251155159947,222715200,-0.156959905242173,0.2736254888763946,-0.0079923322405302,0.0006796309117427,39,1.343778,7.01714763386909,4.8
2016-01-29,21.99335289001465,21.99335289001465,21.317781895230507,21.41719764754597,257666000,-0.1810331700508545,0.2719120236790678,-0.0069243966541741,0.0006896839370422,40,1.343778,7.017864523530728,4.8
2016-02-01,21.787744522094727,21.851008463300907,21.5550228567378,21.79678247424034,163774000,-0.1316291588422459,0.2737788922329734,-0.0041170271122898,0.0007655990592289,41,0.9786325,7.028112797291462,4.9
2016-02-02,21.347156524658203,21.69962806231868,21.301966760975308,21.559542380621536,149428800,-0.1536274728641881,0.2735975073923445,-0.0046563652373207,0.0007654649593277,42,0.9786325,7.027580715364709,4.9
2016-02-03,21.76966857910156,21.88038047601556,21.25677729339488,21.464645020935105,183857200,-0.1741137181288993,0.2743046975671447,-0.0043958668299942,0.0007553583039591,43,0.9786325,7.039923285342455,4.9
2016-02-04,21.9445915222168,22.11042615711119,21.624283163266224,21.77648643832194,185886800,-0.1619330676798956,0.2749383737287746,-0.0023241311235799,0.0007696934880941,44,0.9786325,7.0541041542270335,4.9
2016-02-05,21.358497619628903,22.01729019460155,21.28353292464591,21.926421954404024,185672400,-0.1610313979957314,0.2749656327335096,0.0003666116721316,0.0006755101534151,45,0.9786325,7.054276973818098,4.9
2016-02-08,21.58338928222656,21.74013516471809,21.135864787153604,21.15630922406545,216085600,-0.1794021115909877,0.2761190222119027,-0.0013357408397422,0.0007129369950792,46,0.9786325,7.088325323118004,4.9
2016-02-09,21.57884407043457,21.79465627285637,21.33804480160271,21.419826012369537,177324800,-0.1754965445476194,0.2762512744116001,-0.0016298690931791,0.0007037773285377,47,0.9786325,7.08899287447882,4.9
2016-02-10,21.415281295776367,21.88779456504508,21.37666287276405,21.79011155008248,169374400,-0.1950128469351739,0.2755275401251069,-0.0023993145378384,0.0006889731515058,48,0.9786325,7.085650345952561,4.9
2016-02-11,21.28579330444336,21.517507293988587,21.03363488043828,21.30623947206992,200298800,-0.2261842017037727,0.2745388091738306,-0.0014288975523273,0.0006584204842612,49,0.9786325,7.129217437077926,4.9
2016-02-12,21.351675033569336,21.467532040982,21.129049745940023,21.39711000371494,161405600,-0.2449777609706735,0.2742417783624903,-0.0028867960508224,0.0006278180446264,50,0.9786325,7.122140568919386,4.9
2016-02-16,21.95368194580078,22.00138737976745,21.492527684288845,21.58566636969974,196231600,-0.2467942085142175,0.2742079334741052,-0.0014447533458551,0.0006021139785844,51,0.9786325,7.096638613823222,4.9
2016-02-17,22.289888381958008,22.310332820097173,21.84236386001925,21.960491324435235,179452800,-0.2243907586484016,0.2756488879754941,0.0002739419651458,0.0006458809435383,52,0.9786325,7.09928429636842,4.9
2016-02-18,21.867355346679688,22.46481102115485,21.82873518128605,22.45345184312721,156084000,-0.2159970117388045,0.2760139247749495,0.0010031075099478,0.0006576302972007,53,0.9786325,7.111593659326374,4.9
2016-02-19,21.81737518310547,21.98093762182505,21.762854947921287,21.808288188380267,141496800,-0.2329387649757023,0.2766091906054247,0.0002629692460868,0.0006775366698367,54,0.9786325,7.115094618593758,4.9
2016-02-22,22.00819969177246,22.012744056300644,21.790116989935395,21.878713033395226,137123200,-0.243452168536129,0.2764562285126711,-0.0025839027100219,0.0005217706926608,55,0.9786325,7.097962330050082,4.9
2016-02-23,21.51069450378418,21.92187101166945,21.478890891747024,21.899154393523894,127770400,-0.261824896006106,0.2752195970584143,-0.001087883157831,0.0005101865778218,56,0.9786325,7.108489648730958,4.9
2016-02-24,21.831005096435547,21.894612327183545,21.19947368662748,21.349406501819523,145022800,-0.2782724026492598,0.2760296884240645,-0.0025815911896735,0.0005317554173788,57,0.9786325,7.121817682141307,4.9
2016-02-25,21.980934143066406,21.980934143066406,21.637907512438176,21.81964391184609,110330800,-0.2376031102618257,0.2753769120646994,0.0017734405538328,0.0002909864446008,58,0.9786325,7.121413951650367,4.9
2016-02-26,22.015010833740234,22.26716754179636,21.94004443593517,22.080888504720264,115964400,-0.2434213520566456,0.2751498572641327,0.0017575553053009,0.0002908110656043,59,0.9786325,7.106442229891971,4.9
2016-02-29,21.96503448486328,22.31487596135696,21.955947490688093,22.00365291023265,140865200,-0.2267597243628964,0.2748002599926752,5.180341965048042e-05,0.0002301371118625,60,0.9786325,7.117935183690583,4.9
2016-03-01,22.83736801147461,22.89188825024339,22.13087015693434,22.18311994674781,201628400,-0.2339700355841077,0.2747378737685343,0.0004265375573561,0.0002253336553841,61,0.7763069999999999,7.115013360754105,5.0
2016-03-02,22.887340545654297,22.91914415565001,22.635182114140644,22.83282031897119,132678400,-0.1961667853562588,0.2776330428581889,0.0035515576460312,0.0002732928424496,62,0.7763069999999999,7.123753342464165,5.0
2016-03-03,23.057716369628903,23.105421781724004,22.81918757598677,22.84872073573611,147822800,-0.1875979259406801,0.2775966710675678,0.0026350679849818,0.0002582029769386,63,0.7763069999999999,7.136801395365266,5.0
2016-03-04,23.40074920654297,23.56885428434452,23.028191070243807,23.255360750092912,184220400,-0.163468125294014,0.27726381514309,0.0026041984599136,0.0002578712560437,64,0.7763069999999999,7.146693455420173,5.0
2016-03-07,23.14177322387696,23.359855883237056,22.935048007290668,23.25990068109275,143315600,-0.1500304558404596,0.2776931680465631,0.0048062296719024,0.0002120489253547,65,0.7763069999999999,7.141403424287121,5.0
2016-03-08,22.95094871520996,23.11678331690598,22.807832464308035,22.89415630455838,126247600,-0.1654355155296425,0.2778415220986693,0.0036692286810538,0.000223006240332,66,0.7763069999999999,7.140532259920585,5.0
2016-03-09,22.97140884399414,23.0759067351163,22.77831314390124,23.01456992376485,108806800,-0.1529381149285569,0.2772085105595671,0.0032445200244699,0.0002299121034376,67,0.7763069999999999,7.13616492054018,5.0
2016-03-10,22.98275375366211,23.225825217018,22.751041466408623,23.03727571915335,134054400,-0.133726734340066,0.2766444292849165,0.0036918738142851,0.0002234646081247,68,0.7763069999999999,7.148345743900068,5.0
2016-03-11,23.230371475219727,23.23491410613099,23.05772203675136,23.225827111141385,109632800,-0.15139441253129,0.2760137297937907,0.0040370646679518,0.0002186184877484,69,0.7763069999999999,7.137834682504955,5.0
2016-03-14,23.28943634033203,23.37803411578756,23.12133125152439,23.150864421065304,100304400,-0.1336268473053152,0.2761817784561125,0.0044384392282687,0.0002208771991996,70,0.7763069999999999,7.126408784642625,5.0
2016-03-15,23.75740623474121,23.89370770003424,23.59157160097047,23.61656040514369,160270800,-0.1421278211697483,0.2759534692533067,0.0031086849449889,0.0001888788041612,71,0.7763069999999999,7.115094618593758,5.0
2016-03-16,24.073171615600582,24.15040847599913,23.759676343432734,23.76422070767214,153214000,-0.1387455048583721,0.2761822160427125,0.00335585176235,0.000196347847026,72,0.7763069999999999,7.114200220393562,5.0
2016-03-17,24.03454971313477,24.18675296299051,23.84372630549205,23.970940755142603,137682800,-0.1367011899932096,0.2762768172260373,0.0050580583235439,0.0001705669084819,73,0.7763069999999999,7.14243206611002,5.0
2016-03-18,24.06180953979492,24.193568356192465,23.89597666154192,24.157220379324063,176820800,-0.1307274387572044,0.2761915797117627,0.0050939835501682,0.0001700342726238,74,0.7763069999999999,7.133934257783977,5.0
2016-03-21,24.05954360961914,24.45481839987944,23.884621971130947,24.064086240997355,142010800,-0.1169815480806678,0.2759350730556277,0.004695306316098,0.000170012103985,75,0.7763069999999999,7.125926527927004,5.0
2016-03-22,24.243539810180664,24.37302641189728,23.90051323142853,23.90960022334137,129777600,-0.1275295343937439,0.2757150116533084,0.0058937637515946,0.0001275724530726,76,0.7763069999999999,7.129457753381111,5.0
2016-03-23,24.10951232910156,24.32305233698788,24.057264284512407,24.189023086534466,102814000,-0.1157398382411049,0.2758175511066251,0.005516787938428,0.0001231997737221,77,0.7763069999999999,7.109634295089583,5.0
2016-03-24,24.005016326904297,24.136775138916786,23.8278242784853,23.95958309049779,104532000,-0.0950518452667419,0.2746339488794102,0.0048647903851313,0.0001294495370719,78,0.7763069999999999,7.107753040777623,5.0
2016-03-28,23.895978927612305,24.123148605081635,23.866445760314352,24.079985811749,77645600,-0.1064076945408435,0.2745572543720362,0.0045546468849393,0.0001334480782843,79,0.7763069999999999,7.106524187167858,5.0
2016-03-29,24.46162796020508,24.48661676033685,23.825552247487547,23.827824429272315,124760400,-0.1029660883498493,0.2744849492133261,0.004434650087261,0.0001354512079907,80,0.7763069999999999,7.119311941285554,5.0
2016-03-30,24.888702392578125,25.084068399564647,24.67061977079084,24.681978944774524,182404400,-0.1046162329211212,0.274339096130791,0.0036161864126188,8.854742276998031e-05,81,0.7763069999999999,7.11224596169612,5.0
2016-03-31,24.75922203063965,24.965947263784653,24.734233228101964,24.92505665355636,103553600,-0.0716598429289863,0.2745098259457426,0.0044121072754624,9.81802886954156e-05,82,0.7763069999999999,7.118178226324395,5.0
2016-04-01,24.98639297485352,24.98866515697277,24.57975903386454,24.71151786610688,103496000,-0.0754319974349695,0.2745498176610191,0.0037472393112273,0.0001023621795803,83,1.039902,7.108407752509804,5.1
2016-04-04,25.24309730529785,25.48616881128661,25.05000167669104,25.08407747780796,149424800,-0.0748660293941252,0.2745688908678668,0.0034507029717328,9.71339683233624e-05,84,1.039902,7.1049654482698426,5.1
2016-04-05,24.945499420166016,25.154496821306928,24.85690339280385,24.87734956313116,106314800,-0.080816728514655,0.2742767221592065,0.0045743892223867,8.653909018963254e-05,85,1.039902,7.113467808441352,5.1
2016-04-06,25.20674514770508,25.21128951145732,24.80692606268865,25.040912267254328,105616400,-0.0820895082241632,0.2743273299074915,0.0043860077873462,9.23254990558424e-05,86,1.039902,7.108653221349027,5.1
2016-04-07,24.65699958801269,25.0840780025326,24.56158872942324,24.9773079656108,127207600,-0.0683023597064872,0.2745296585719685,0.0048874354939599,9.340303449397664e-05,87,1.039902,7.119797397726608,5.1
2016-04-08,24.68425178527832,24.936408469416087,24.5729374233992,24.74104419037992,94326800,-0.097883875184891,0.2752626703950067,0.0037008800664268,0.0001311593629819,88,1.039902,7.124880757970784,5.1
2016-04-11,24.76603507995605,25.127235733446977,24.72287402396467,24.75467763708124,117630000,-0.1010596745691778,0.2752254181144247,0.003194995942692,0.0001285293583721,89,1.039902,7.136244477766857,5.1
2016-04-12,25.08861923217773,25.102248857939628,24.68425749168236,24.838731205429305,108929200,-0.0957558703889644,0.2752488062341162,0.0032354357596782,0.0001285044556286,90,1.039902,7.138390715440114,5.1
2016-04-13,25.452089309692383,25.520239168850683,25.17039941220403,25.17039941220403,133029200,-0.0783169850108849,0.2755521127789231,0.0028694738388126,0.0001181785708088,91,1.039902,7.128335587055938,5.1
2016-04-14,25.46571922302246,25.5315986341711,25.290799342720003,25.356678753868643,101895600,-0.0675829295934373,0.2759210097722241,0.002931569729696,0.0001196065584847,92,1.039902,7.110696122978827,5.1
2016-04-15,24.95458984375,25.5111566184381,24.927330590456773,25.4679938231676,187756000,-0.0622124310528812,0.2758870372193116,0.0030442545783578,0.0001187684595267,93,1.039902,7.117286583077553,5.1
2016-04-18,24.41619682312012,24.750134781187743,24.29352499369716,24.73650515564087,243286000,-0.0710661612155794,0.2763899393757303,0.0019174657771459,0.0001474370039137,94,1.039902,7.117691983018158,5.1
2016-04-19,24.286705017089844,24.53431907210124,24.13222960545736,24.50705809363668,129539600,-0.1156835145176932,0.2762424135030163,0.0007744723569448,0.0001771133119804,95,1.039902,7.133295954896068,5.1
2016-04-20,24.3366813659668,24.554763998557224,24.09360993590767,24.225368734712312,122444000,-0.1155789646749095,0.2762405962006043,9.362629850351883e-05,0.0001760836666532,96,1.039902,7.13345552011528,5.1
2016-04-21,24.073171615600582,24.291254303579404,23.97094421821958,24.291254303579404,126210000,-0.1270480203665772,0.2758951046212941,0.0004935930696503,0.0001743631336231,97,1.039902,7.130098510125578,5.1
2016-04-22,24.007295608520508,24.18903207422648,23.76649626465238,23.855092315063008,134732400,-0.1461279914638989,0.2759426940584037,0.0001492203851296,0.0001801331061157,98,1.039902,7.113711939133861,5.1
2016-04-25,23.87098693847656,24.00047356802536,23.741500308927765,23.85281295074452,112126400,-0.153604027354849,0.2758959231653741,0.0002446088824552,0.0001793591493672,99,1.039902,7.121979187827934,5.1
2016-04-26,23.705156326293945,23.92096856733733,23.605202843265552,23.605202843265552,224064800,-0.1775869903644074,0.2752907752033842,-0.0012864156931736,0.0001490684331407,100,1.039902,7.124639240817421,5.1
2016-04-27,22.221736907958984,22.423917774312617,21.73559395592137,21.808288180529782,458408400,-0.168736691970561,0.2749451050155565,-0.002564283702536,0.000129931065255,101,1.039902,7.130258586321407,5.1
2016-04-28,21.542499542236328,22.23536597397109,21.410740721834195,22.17403092760016,328970800,-0.2167937840255576,0.2819409104433833,-0.0056908987937324,0.000333172484134,102,1.039902,7.143222579985179,5.1
2016-04-29,21.294885635375977,21.517512687688416,21.01546789538402,21.351678056222635,274126000,-0.2202456462883749,0.2822980610603027,-0.0078054573055374,0.000351951742407,103,1.039902,7.161777112066535,5.1
2016-05-02,21.27216911315918,21.372124328930266,20.99047918972911,21.347135524987493,192640400,-0.2623134157829032,0.2807701097700211,-0.0089518848121768,0.0003332942450424,104,0.8903339,7.166034249350748,4.8
2016-05-03,21.622011184692383,21.74922565660341,21.28125664935882,21.399384125680893,227325200,-0.2614370969289273,0.280769143423089,-0.0083838851589629,0.0003359377550472,105,0.8903339,7.16293994801041,4.8
2016-05-04,21.397113800048828,21.78557376458914,21.31306039024165,21.62655394061615,164102000,-0.2222621073475284,0.2804709128891597,-0.0080736732178766,0.0003500794862518,106,0.8903339,7.149367272927088,4.8
2016-05-05,21.310258865356445,21.49995807474873,21.182269877679328,21.48395945128909,143562000,-0.2264040896720403,0.2805803999882794,-0.0074634092289573,0.0003391482786112,107,0.8903339,7.147873953704812,4.8
2016-05-06,21.1914119720459,21.35825450867713,20.99257044511638,21.33997161328847,174799600,-0.2367004926422923,0.2805022843019966,-0.0077356245849213,0.0003356323408286,108,0.8903339,7.164643055143687,4.8
2016-05-09,21.20741081237793,21.431391540724043,21.161699214140537,21.25540668273781,131745600,-0.2612430045746021,0.2798319824671336,-0.0082040609106228,0.0003288805825198,109,0.8903339,7.143301577722885,4.8
2016-05-10,21.351402282714844,21.38568555165978,21.05199867094933,21.330833367579576,134747200,-0.2502451127200809,0.2796904916604593,-0.0088454546870023,0.0003080651483008,110,0.8903339,7.141957476969531,4.8
2016-05-11,21.14341735839844,21.38568273795412,21.13198902234725,21.365113825525096,114876400,-0.2398402864839566,0.2797920400655032,-0.009246337689651,0.0002914597147312,111,0.8903339,7.1503876637259,4.8
2016-05-12,20.6474609375,21.20513037671393,20.44862109992951,21.1914177654938,305258800,-0.2507485959458113,0.2799180649548531,-0.0097897148678457,0.0002858487456128,112,0.8903339,7.147008410467677,4.8
2016-05-13,20.68859100341797,20.951426974524225,20.56974435880339,20.56974435880339,177571200,-0.2977776544246104,0.2797651071069445,-0.009971863796136,0.0002905112760732,113,0.8903339,7.148267143652393,4.8
2016-05-16,21.456531524658203,21.573093915303925,20.94685986905904,21.11598841567893,245039200,-0.2943717846623213,0.2797849582605621,-0.0087191751175135,0.0002890171266235,114,0.8903339,7.149445786755268,4.8
2016-05-17,21.367403030395508,21.643951738226384,21.257698651343752,21.609670209597503,187667600,-0.2681489987174764,0.2820686975836243,-0.0065210517356225,0.0003966050994666,115,0.8903339,7.151642153173687,4.8
2016-05-18,21.61194229125977,21.76050189182258,21.458812404031043,21.5205226081922,168249600,-0.2713980740548999,0.2820839126185832,-0.0068483260806358,0.0003927144094405,116,0.8903339,7.149681291260057,4.8
2016-05-19,21.529674530029297,21.630238326874213,21.38568688395375,21.630238326874213,121768400,-0.2598167955198463,0.2823647466816695,-0.0056764191413339,0.0004088172606887,117,0.8903339,7.13425315917723,4.8
2016-05-20,21.76279830932617,21.810794188993604,21.60281030004855,21.63023726430973,128104000,-0.2739225098153089,0.282145086047146,-0.0057329249276438,0.0004085276692637,118,0.8903339,7.1328170089460725,4.8
2016-05-23,22.039344787597656,22.213045389761763,21.86564418543355,21.9113557879606,152074400,-0.2718362623738384,0.2822257210827422,-0.0048664091262295,0.0004228650511335,119,0.8903339,7.131778423809276,4.8
2016-05-24,22.37531852722168,22.418742371665218,22.13305138368669,22.21990256001259,140560800,-0.2369209719358777,0.281769320951877,-0.0038349123934112,0.0004384973854392,120,0.8903339,7.11387475915715,4.8
2016-05-25,22.768430709838867,22.79585593003438,22.423315491382887,22.551304502213927,152675200,-0.2403638107494076,0.2815533139754336,0.0003625026358725,0.0002346010123089,121,0.8903339,7.109470882882726,4.8
2016-05-26,22.948984146118164,23.02212096172865,22.54444477249203,22.782139859155908,225324800,-0.2207275777409442,0.2821631291537101,0.0029130132431136,0.0001890965442587,122,0.8903339,7.106688081571402,4.8
2016-05-27,22.935272216796875,22.96269917944234,22.683864495564723,22.72729008382353,145364800,-0.2013190137983155,0.2821092636525847,0.0039371967827516,0.0001777319109458,123,0.8903339,7.101511253629242,4.8
2016-05-31,22.823278427124023,22.9466971250076,22.585583350872604,22.763854222131386,169228800,-0.2039248636703165,0.2820938952070966,0.0039619154257781,0.0001774823649825,124,0.8903339,7.102334773365967,4.8
2016-06-01,22.50329971313477,22.750137059477893,22.47358848844707,22.63128867328951,116693200,-0.2043674089572925,0.2820997537828921,0.0028457456107081,0.0001720514665631,125,0.8575992,7.09994467511972,4.9
2016-06-02,22.33417701721192,22.36160223369768,22.08505359057761,22.30675005700689,160766400,-0.2196934451179525,0.2823982314795695,0.0026529425578576,0.0001781718595399,126,0.8575992,7.098210376033307,4.9
2016-06-03,22.37988471984864,22.45987783309848,22.27246464903352,22.350173490275573,114019600,-0.2213765270783985,0.2824323364209002,0.0024699743822446,0.0001814037894558,127,0.8575992,7.122947280821554,4.9
2016-06-06,22.542156219482425,23.28723864346279,22.295320584402702,22.395882604724427,93170000,-0.2138036808744899,0.2824132647835204,0.0028719235731422,0.0001776319247888,128,0.8575992,7.126569452519126,4.9
2016-06-07,22.633581161499023,22.82556640035479,22.61758253690432,22.683863051287897,89638000,-0.1998772215324488,0.2824763993466305,0.0032124462490687,0.0001783130386918,129,0.8575992,7.126408784642625,4.9
2016-06-08,22.61301612854004,22.7547177582007,22.553591908255463,22.63129902855717,83392400,-0.1928133029327667,0.2825133067699953,0.0030693303856665,0.000177628331097,130,0.8575992,7.1387082959464605,4.9
2016-06-09,22.77528190612793,22.852989004210603,22.503303575400363,22.51244589465464,106405600,-0.2052414012897125,0.2822414637066323,0.0035366870707245,0.000169091986967,131,0.8575992,7.146929608927585,4.9
2016-06-10,22.587867736816406,22.706714394506964,22.507874626474777,22.519301217255567,126851600,-0.1957684371385487,0.2823556993801637,0.005162287690531,0.0001257049942621,132,0.8575992,7.149445786755268,4.9
2016-06-13,22.24732780456543,22.65415323664088,22.192475623051653,22.555875466914017,152082000,-0.1929409871857665,0.2822668926379271,0.0046226603820546,0.0001348516222897,133,0.8575992,7.158046981223505,4.9
2016-06-14,22.27475547790528,22.50788030828613,22.1124832006148,22.242758225691347,127727600,-0.2061153237709864,0.2826269316175104,0.0019048844063804,9.260009565188898e-05,134,0.8575992,7.1589807954329,4.9
2016-06-15,22.201616287231445,22.49187928617611,22.17647534263878,22.35703224302279,117780800,-0.2102605355335284,0.2825642827641331,0.0021888135793698,9.049493192258017e-05,135,0.8575992,7.1591364096824845,4.9
2016-06-16,22.29532623291016,22.34103609520796,21.95706732326021,22.043916759113824,125307200,-0.2111975062357973,0.2825703756011459,0.0014167919051789,8.68400538723516e-05,136,0.8575992,7.167115015592771,4.9
2016-06-17,21.78793716430664,22.089626767320635,21.781080859829856,22.082770462843847,244032800,-0.2115345927255637,0.2825639711043958,0.0018392040165433,8.556578885983269e-05,137,0.8575992,7.164333606382584,4.9
2016-06-20,21.735370635986328,22.071343526417333,21.719372009952444,21.94106850193587,137647600,-0.2243443343985203,0.2832804781391317,6.076121393186035e-05,0.0001121302009437,138,0.8575992,7.162397497355718,4.9
2016-06-21,21.920494079589844,22.02105609922788,21.6393734428049,21.698797643308527,142185600,-0.2347874390145277,0.2831390286914236,-0.0007309651958786,0.0001030360849578,139,0.8575992,7.1471658027602185,4.9
2016-06-22,21.83821678161621,22.144476641153588,21.792505183664925,21.9982030151478,116876400,-0.2216591991553856,0.2832795090327792,-0.0010808683136846,9.364660783064774e-05,140,0.8575992,7.145196134997171,4.9
2016-06-23,21.963924407958984,22.00734999928715,21.769654870717485,21.92735686556648,128960800,-0.2339765723873859,0.28313085533287,-0.0021954452711465,7.372582942337868e-05,141,0.8575992,7.139818888955297,4.9
2016-06-24,21.34682846069336,21.63480543095889,21.17541388805993,21.23483809481424,301245600,-0.2234053559826409,0.2831888607035087,-0.0023090717875846,7.154976955501191e-05,142,0.8575992,7.1853870155804165,4.9
2016-06-27,21.036001205444336,21.26684003577796,20.912582476663577,21.25541169759249,181958400,-0.2457270199166526,0.2844816316190476,-0.0037775167497371,0.0001072146337506,143,0.8575992,7.187279163732455,4.9
2016-06-28,21.390247344970703,21.406247708680432,21.058846612136225,21.232547160408327,161779600,-0.2427584004672443,0.2843216058475897,-0.0042918781960999,0.0001134548643237,144,0.8575992,7.181820092597917,4.9
2016-06-29,21.57538414001465,21.6096674079184,21.399397511844487,21.47710636867428,146124000,-0.2330968437107058,0.2847609088287589,-0.0026698350404021,0.0001297930173013,145,0.8575992,7.188337223384628,4.9
2016-06-30,21.849645614624023,21.88849916907879,21.552528044198954,21.58452529418751,143345600,-0.2337731006426334,0.2847372114383977,-0.0018192139590001,0.0001347880539471,146,0.8575992,7.184174177673155,4.9
2016-07-01,21.91592597961425,22.04848701077855,21.78793698054216,21.82450451868304,104106000,-0.2197269621546524,0.2850688031358513,-0.0012619920755957,0.0001452325256496,147,0.6960403,7.1979591324485686,4.8
2016-07-05,21.71022605895996,21.803933527004773,21.589093375853576,21.801647511176583,110820800,-0.2131808877682041,0.2850870387777192,-0.0014828199861037,0.0001422026699246,148,0.6960403,7.212589428250645,4.8
2016-07-06,21.83365058898925,21.863363571533604,21.56853022484665,21.62109639689958,123796400,-0.220140973135008,0.2852083480034955,-0.002192173633343,0.0001434813060245,149,0.6960403,7.21883646274922,4.8
2016-07-07,21.927356719970703,22.055345733073946,21.85421989195178,21.872502791166863,100558400,-0.1894850850625992,0.2842530178471048,-0.0018459626695588,0.0001466965284292,150,0.6960403,7.215313487488511,4.8
2016-07-08,22.09648323059082,22.14447910599258,21.952495604385536,22.05305764363331,115648400,-0.1646789573879663,0.2836079822737008,-0.0019968841255485,0.0001442630291607,151,0.6960403,7.212736830515471,4.8
2016-07-11,22.1650505065918,22.318180458540134,22.10791230866605,22.112482597263565,95179600,-0.1837902381454178,0.2824168920485669,-0.0011576037003896,0.0001465442813328,152,0.6960403,7.2115567333138015,4.8
2016-07-12,22.26561546325684,22.32960997431394,22.19705066300408,22.208477257853044,96670000,-0.2000717459713601,0.281728080906963,-0.000195008203684,0.0001356315139242,153,0.6960403,7.196012167884736,4.8
2016-07-13,22.13990974426269,22.32275093291509,22.133051695730217,22.263328462055767,103568800,-0.1951123326564021,0.2817810440983807,-2.1600781454516863e-05,0.0001367252830671,154,0.6960403,7.202214353899818,4.8
2016-07-14,22.57872772216797,22.62443757739397,22.24275488072736,22.258753504428377,155676000,-0.2104667304644363,0.2816214567392452,-0.0001464863830819,0.0001378830308381,155,0.6960403,7.193911224114897,4.8
2016-07-15,22.576440811157227,22.695289219983323,22.512446318890465,22.60843805729061,120548000,-0.2039408206101725,0.2820193117595241,0.0006647969084167,0.0001578532447411,156,0.6960403,7.190299173577794,4.8
2016-07-18,22.81642341613769,22.88498820081162,22.53530274218878,22.558157670413426,145975600,-0.2127228151972442,0.2818564877377821,0.0018710760534204,0.0001251833572019,157,0.6960403,7.191730507881139,4.8
2016-07-19,22.82556533813477,22.855276569936763,22.70443090758996,22.75471279503889,95119600,-0.2210356246204435,0.2813993715012134,0.0025547202699555,0.0001278766950859,158,0.6960403,7.194061405253987,4.8
2016-07-20,22.84613037109375,22.96040673454083,22.795848492182007,22.855272689415788,105104000,-0.2105887005805335,0.281256827990647,0.0021294311892188,0.000125992357298,159,0.6960403,7.184477548222238,4.8
2016-07-21,22.725004196166992,23.0838320101402,22.656437661025343,22.81642566178272,130808000,-0.1671978657398582,0.2780363276251923,0.0023747502875221,0.0001240854321095,160,0.6960403,7.193310090417744,4.8
2016-07-22,22.54901123046875,22.695284825532667,22.46901638690544,22.686142507876323,113254800,-0.1720438586669122,0.2780726416719778,0.0017928693124348,0.000126384865582,161,0.6960403,7.187732728596198,4.8
2016-07-25,22.24732780456543,22.59015699053549,22.15133605098647,22.45531168103925,161531600,-0.1745267890645337,0.278123938522803,0.0028835809644723,7.923979059264261e-05,162,0.6960403,7.184856608900361,4.8
2016-07-26,22.09419059753418,22.391309825287927,22.03705241863684,22.12847385361636,224959200,-0.1740077902676143,0.2780994783170864,0.0029466626156651,7.697802935202863e-05,163,0.6960403,7.18591714107836,4.8
2016-07-27,23.52950668334961,23.849480906140784,23.48379682740197,23.83119626627404,369379200,-0.1859172936102094,0.2781041155900756,0.0017041904458194,7.023466803504607e-05,164,0.6960403,7.190374538687971,4.8
2016-07-28,23.847192764282227,23.87233370592792,23.49979335638036,23.50207937208972,159479200,-0.1175053949388102,0.285352804323935,0.0045632734425041,0.0002672778141792,165,0.6960403,7.194662087615662,4.8
2016-07-29,23.817487716674805,23.895196577490267,23.69635500842553,23.812917427788967,110934800,-0.0988779949406533,0.2856637564570951,0.0046043054843845,0.000268008712641,166,0.6960403,7.207118856207756,4.8
2016-08-01,24.238021850585938,24.2608767787427,23.86319544891345,23.86319544891345,152671600,-0.0913458707670329,0.285544727139237,0.0043792896136867,0.0002697191014188,167,0.9631855,7.20889638918383,4.9
2016-08-02,23.879188537597656,24.24258651909341,23.769482466669047,24.2380162320092,135266400,-0.0499322218408523,0.2851447795552977,0.0057967976076823,0.000266571250837,168,0.9631855,7.218470068438116,4.9
2016-08-03,24.178600311279297,24.190026904759343,23.945475484677555,23.954617805693257,120810400,-0.0325853544040992,0.2836749162288857,0.0047134169709733,0.0002891641270173,169,0.9631855,7.212368194090756,4.9
2016-08-04,24.327959060668945,24.357831241429363,24.19238154116984,24.26131950066636,109634800,-0.0266510268948057,0.2838789030483374,0.0051438386702291,0.0002922926857906,170,0.9631855,7.214357272221169,4.9
2016-08-05,24.69792938232422,24.736993418801703,24.39920047865556,24.4198808203793,162213600,-0.0226331418737851,0.2839414824334194,0.0050635685022557,0.000291984748981,171,0.9631855,7.19773472875113,4.9
2016-08-08,24.90243911743164,24.90243911743164,24.624392353848084,24.70711546046227,112148800,-0.0107629025496069,0.2843346847563287,0.005694876978221,0.000296937945039,172,0.9631855,7.195487368493591,4.9
2016-08-09,25.003549575805664,25.033423517588897,24.819717890737326,24.87027217390994,105260800,-0.0389540492579946,0.2821611300113608,0.0058906407458153,0.0002971833629997,173,0.9631855,7.199678345691172,4.9
2016-08-10,24.817420959472656,25.024233151434736,24.76227162600467,24.980572312807823,96034000,0.017348404340248,0.2770841340283922,0.0064018919547987,0.000289680973391,174,0.9631855,7.203628746782549,4.9
2016-08-11,24.801326751708984,25.031117603942675,24.78294306277067,24.936902513007627,109938000,-0.0056090087748687,0.2767489040023675,0.0049756659375994,0.0002885114260582,175,0.9631855,7.20228882638302,4.9
2016-08-12,24.85877799987793,24.91852412084127,24.76686129528017,24.76686129528017,74641600,-0.0054762729625606,0.2767486433952382,0.0049468541694339,0.0002888360034264,176,0.9631855,7.197285678845005,4.9
2016-08-15,25.157508850097656,25.17129574327472,24.835801235031,24.84958812820806,103472800,-0.0102137191462656,0.2766657690780258,0.0045121225094801,0.0002872627287492,177,0.9631855,7.2006487849151934,4.9
2016-08-16,25.134521484375,25.329845101189186,25.095457462278155,25.191969194458,135177600,-0.0085382436622949,0.2767337528156677,0.0051197484244584,0.0002890035745462,178,0.9631855,7.20823017323267,4.9
2016-08-17,25.097755432128903,25.13222440822192,24.895538374071226,25.070179900621508,101424000,-0.0037987486096044,0.2766801816158811,0.0050242371226209,0.000290027636395,179,0.9631855,7.202437754713037,4.9
2016-08-18,25.06558990478516,25.185080392392177,25.05180125967124,25.100058887821994,87938800,0.0075739629614066,0.2763881141241273,0.0052269785479452,0.0002863829228291,180,0.9631855,7.20874832935673,4.9
2016-08-19,25.12993431091309,25.205765732736435,24.90014339859908,24.994356761001743,101472400,0.026888310738507,0.2756120030557281,0.005568672017072,0.0002792225253371,181,0.9631855,7.200723374077168,4.9
2016-08-22,24.934614181518555,25.070189988026623,24.782951326951235,25.01504065598653,103280800,0.0908170446938093,0.2682199618786959,0.0064125176238234,0.0002588367022493,182,0.9631855,7.198706963799989,4.9
2016-08-23,25.01273536682129,25.120737354146307,24.939202359965027,24.95298925088646,85030800,0.1080670657497567,0.2671147388621254,0.0063653821490332,0.0002602043367746,183,0.9631855,7.200872535712562,4.9
2016-08-24,24.82431030273437,24.98976002894975,24.74388383948118,24.948397597395903,94700400,0.1051770871651844,0.2670684456323464,0.0032173617235504,7.250664290522342e-05,184,0.9631855,7.188714824107146,4.9
2016-08-25,24.71860694885254,24.78984156656865,24.51409318888368,24.67724451688325,100344800,0.0400634953963435,0.2612797120305629,0.00211352213553,7.190226883490672e-05,185,0.9631855,7.185462751792613,4.9
2016-08-26,24.57383918762207,24.80592673227092,24.429069799888666,24.68184119016432,111065200,0.0062254532654757,0.2596797734059968,0.0019545362593713,7.351024213441131e-05,186,0.9631855,7.186522734044344,4.9
2016-08-29,24.546262741088867,24.68873372368836,24.424473850186,24.500305264464696,99881200,-0.002945366779895,0.2597214435586363,0.000724204124838,6.18871854523758e-05,187,0.9631855,7.187581593923291,4.9
2016-08-30,24.35783767700196,24.472733137742527,24.242942216261376,24.31188019397196,99455600,0.0006252400155897,0.2596831340473421,0.0014501213177539,4.793201837977848e-05,188,0.9631855,7.179079247596029,4.9
2016-08-31,24.38081359863281,24.488815599743944,24.27510999735703,24.279706797027725,118649600,0.0377755377604295,0.2557182134987324,0.0003887219102883,4.466517844360655e-05,189,0.9631855,7.175413218283886,4.9
2016-09-01,24.52557945251465,24.54166474271484,24.27051145565088,24.390001932400097,106806000,-0.0043308948313276,0.2522100956601005,0.0001142224994609,4.275335776854149e-05,190,1.416427,7.17946035969989,5.0
2016-09-02,24.755374908447266,24.8174176812576,24.5462643438728,24.74847970865459,107210000,0.0192370272551318,0.2516631765641418,-0.0003685672241393,3.191513479697349e-05,191,1.416427,7.186976642049927,5.0
2016-09-06,24.74847984313965,24.886355789094907,24.704820763208264,24.79443907617989,107521600,0.0386501888444871,0.2516372590320122,-0.0003117432495465,3.300994492856784e-05,192,1.416427,7.207415346285857,5.0
2016-09-07,24.90014266967773,24.99205938254569,24.60371219109044,24.778353770223017,169457200,0.0104399255112586,0.2501216088872433,-0.0005396700617164,3.189724556820037e-05,193,1.416427,7.203628746782549,5.0
2016-09-08,24.247529983520508,24.6496639753808,24.18318882532927,24.6450689297236,212008000,0.0359005671988364,0.2494392361019731,0.000175140450219,3.114427987009476e-05,194,1.416427,7.198034013807309,5.0
2016-09-09,23.698335647583008,24.29349500935892,23.698335647583008,24.04532040862227,186228000,-0.0124690508575048,0.2498947067135352,-0.0011885470498229,6.884930171314217e-05,195,1.416427,7.193009388004192,5.0
2016-09-12,24.229154586791992,24.29349576234789,23.56046218405272,23.58803772493334,181171200,-0.0498419918138128,0.2504932702137897,-0.0025161110402752,9.251965438971733e-05,196,1.416427,7.186144304522325,5.0
2016-09-13,24.80592918395996,24.998954468960303,24.642777840671368,24.70482237102225,248704800,-0.0370205407625918,0.2513094240936162,-0.0019789353457772,0.0001144022445498,197,1.416427,7.1846291527173145,5.0
2016-09-14,25.683727264404297,25.973264279627227,24.95529055647582,24.985164494504644,443554800,-0.0215636173607914,0.2522914790401255,-0.0006926081341208,0.0001487318553449,198,1.416427,7.186522734044344,5.0
2016-09-15,26.556934356689453,26.59370174236644,26.078968861881314,26.163992126385256,359934400,0.0128417185514614,0.2547126349560915,0.0012146944136921,0.0002147447179927,199,1.416427,7.180450609125595,5.0
2016-09-16,26.40756607055664,26.685612809833035,26.205350738309765,26.453525295952648,319547600,0.0684423781720156,0.2559891759704575,0.003041837325795,0.0002685431224411,200,1.416427,7.174571196145797,5.0
2016-09-19,26.099645614624023,26.697101484311904,26.023814212054443,26.469609029768247,188092000,0.0669380859970037,0.2560189771856414,0.0026100434259268,0.0002725214015807,201,1.416427,7.180450609125595,5.0
2016-09-20,26.097352981567383,26.223738680442374,25.85377518355246,25.977862482493688,138057200,0.0396588398814372,0.255831889460172,0.0024034089654374,0.000277875024471,202,1.416427,7.180602825307063,5.0
2016-09-21,26.092756271362305,26.19386307085092,25.837688243105493,26.161692486491084,144012800,0.0553415176561666,0.2553337773770883,0.0022341463695401,0.0002781604000734,203,1.416427,7.1906006919417145,5.0
2016-09-22,26.3386344909668,26.41216751135793,26.19616349694908,26.276589964069768,124296000,0.0470198478550746,0.2552073340208093,0.0026228584807467,0.0002729926461599,204,1.416427,7.200723374077168,5.0
2016-09-23,25.89972877502441,26.37769420589533,25.6331722771852,26.292670952764908,209924800,0.0505085053316278,0.2553107031868989,0.0033410829222386,0.0002723467413473,205,1.416427,7.198333118030743,5.0
2016-09-26,25.938796997070312,26.05599085073471,25.633176422623507,25.653856762770783,119477600,0.0363120653028078,0.2558573850147588,0.0027657930118355,0.00028982649505,206,1.416427,7.200200950835881,5.0
2016-09-27,25.9870548248291,26.00773691969188,25.814711631356985,25.966374483131947,98429600,0.0576910257908434,0.2550688652499213,0.0029042204894896,0.0002890541851313,207,1.416427,7.189846771533873,5.0
2016-09-28,26.184675216674805,26.34323151602373,26.06518470700292,26.12493083842168,118564400,0.0897272023348252,0.2532071494743897,0.0034076236363043,0.0002825932247909,208,1.416427,7.184932385292683,5.0
2016-09-29,25.777944564819336,26.15020647320444,25.690624649444544,26.00314042985452,143548000,0.085947802042235,0.2530702204325892,0.0037567278519425,0.0002830922723565,209,1.416427,7.186674028820336,5.0
2016-09-30,25.97786331176757,26.05139633350615,25.69062467166916,25.842285761995047,145516400,0.0769090356991531,0.2534796691064319,0.002621191174208,0.0003024054796178,210,1.416427,7.180298369770832,5.0
2016-10-03,25.856069564819336,25.977860206321008,25.80092024339945,25.89973039390796,86807200,0.0773657166773031,0.2534928149633328,0.0025369542539015,0.0003013479610985,211,1.608019,7.1770187659099,4.9
2016-10-04,25.966367721557617,26.267393193423,25.881344470444915,25.98015461243232,118947200,0.0690217866858332,0.2535160953064345,0.0023042792714174,0.0003037595680619,212,1.608019,7.143854580016244,4.9
2016-10-05,25.97786331176757,26.11803590838885,25.89513844316599,26.05828978036203,85812400,0.0685013070935562,0.253507127816994,0.002206769385975,0.0003031569096544,213,1.608019,7.142985452838286,4.9
2016-10-06,26.17088508605957,26.274290288312947,25.996243513673583,26.12722425467172,115117200,0.0737254313178461,0.2534590135438135,0.0036278951806962,0.0002552281985208,214,1.608019,7.130738856563732,4.9
2016-10-07,26.20994758605957,26.32484302770025,26.083563652154005,26.267395306879912,97433600,0.092781361989309,0.2532839924025311,0.0052233008827359,0.0002142077621523,215,1.608019,7.130018462417492,4.9
2016-10-11,26.72467994689941,27.27388000782473,26.70169945645177,27.046385775183072,256164000,0.0924312468525331,0.2527278375259846,0.0038080490507361,0.0001864338597487,217,1.608019,7.133295954896068,4.9
2016-10-12,26.963659286499023,27.110727053168706,26.8280835175229,26.965957686037733,150347200,0.0928845448226649,0.2527308676508576,0.0020910457926698,0.0001301995739986,218,1.608019,7.131778423809276,4.9
2016-10-13,26.88094520568848,26.98664882878248,26.59140812746053,26.83728436563187,140769600,0.1160450342134859,0.2524581197103633,0.0007999532850499,7.64434024234013e-05,219,1.608019,7.134890851565884,4.9
2016-10-14,27.030303955078125,27.154391256136872,26.91540850074582,27.087751682244274,142608800,0.0979395918134286,0.2520571366148268,0.0009351113823657,7.495285812802735e-05,220,1.608019,7.133375740688307,4.9
2016-10-17,27.01192283630371,27.07856065905746,26.83498284947801,26.96136855435351,94499600,0.1108740321900159,0.2519954017763144,0.0018440457407025,6.634958809915156e-05,221,1.608019,7.134412669058884,4.9
2016-10-18,26.99354362487793,27.16358843981285,26.988946824028805,27.15669499170501,98214000,0.103954821372573,0.2519278298020199,0.0018128665373025,6.649522122296951e-05,222,1.608019,7.139501757831505,4.9
2016-10-19,26.91311454772949,27.06018060374176,26.150208724728746,26.94298673770628,80138400,0.0849455126502133,0.2512917128588977,0.0017863144259249,6.662010988590113e-05,223,1.608019,7.1451172867894135,4.9
2016-10-20,26.899320602416992,26.97285361594233,26.73157423710856,26.85336312640065,96503200,0.0820426051758393,0.2513119492222849,0.0011356233756225,6.423460119628646e-05,224,1.608019,7.143301577722885,4.9
2016-10-21,26.793621063232425,26.8648574409622,26.720088038569703,26.84187694630805,92770800,0.0661747626758479,0.2508606214424281,0.0019930806962757,4.572929845598332e-05,225,1.608019,7.143538629928715,4.9
2016-10-24,27.03489875793457,27.05557909666727,26.885534327703144,26.908513066239045,94154800,0.0311159825751101,0.249022596335919,0.0017065283005188,4.758329887668786e-05,226,1.608019,7.140453043101158,4.9
